,y_test,prediction
4931,1426.1436,2562.6314305638202
4148,1201.769,2525.31508256581
7423,1836.2764,2153.1893324993894
4836,2410.8618,2399.008707073934
944,1549.9824,3091.25612781603
154,3169.208,3659.988587285731
7230,2036.6822,2904.43028837598
3472,824.9262,2004.8715440501942
2294,378.1744,1130.0466632020798
2588,1573.9512,1820.834786686789
2087,2474.7786,1863.3403706959116
7318,101.8674,328.5517615281757
6126,894.8352,1459.8035311246263
4164,1491.392,2457.7016845332646
6572,1390.1904,1926.2388763169558
693,1707.777,1543.70979064937
1270,1853.5872,2531.684048336474
5893,2404.8696,2762.857418957485
1624,5528.1374,3862.468453729764
5223,12117.56,5301.8305610769385
2972,4767.128,3759.1314123001603
6814,185.7582,1275.492848726694
1555,187.0898,1196.881755411783
8275,772.328,1656.128023594565
3760,1324.2762,2133.9667323377125
3161,2036.6822,1695.8220101895831
5225,6574.775,5569.637896919114
1570,5285.1204,4106.273261896955
4285,773.6596,960.7616060616867
1835,6615.3888,3852.1631685085345
4266,1022.6688,1551.2005022700412
2740,2797.6916,4072.082217412196
4312,3099.9648,2739.407754113452
2379,1720.4272,3451.8267121275776
821,3338.3212,2355.0989634930934
5862,1061.951,1418.553542000859
5108,4567.388,4032.9704594881327
7149,6474.2392,5380.8402784435075
2060,1145.176,1962.7814317171474
1571,2804.3496,1764.1490024926736
3879,945.436,1162.578094240507
1889,1255.033,2111.0873268767273
528,5206.556,3701.4868300300577
7060,5842.395,3743.8700668647684
5845,3379.6008,3020.77042573209
5860,477.3786,632.13001770623
4861,113.8518,-159.09468468918507
1824,992.042,1289.1049714822955
1098,5259.82,4228.066120398875
5530,1704.448,1382.4634132852045
1921,117.8466,41.28504643148072
8517,3608.636,2891.44011563673
4908,729.051,577.9483683113473
2006,2422.1804,2313.3964038716745
98,4363.6532,3794.310424428402
7140,753.0198,722.2679239149606
1003,713.0718,609.66608669784
3162,683.1108,650.0832085144633
4376,195.7452,-322.7984000089507
3930,3159.8868,3729.869479142002
5973,1348.245,1569.0826778867836
4276,1803.6522,1395.7430528619461
6789,5932.278,2592.129539152199
8116,71.9064,-1239.9521601211695
2030,2270.378,1770.4832714916613
3484,303.6048,502.2686687360269
233,2603.278,2578.738652035616
4511,5773.1518,3163.5812903541105
852,2691.8294,3328.4993143222587
1364,476.047,642.7044768525185
257,193.082,1505.6836037294522
5809,2460.7968,1657.2218090356155
3810,121.8414,116.3658350356943
379,4274.436,3524.0374816161116
7273,412.796,-166.77102184187018
6787,4625.9784,4104.635201219173
2645,3006.087,2350.2419787132953
1589,4950.8888,3522.9651493703323
5198,529.311,2544.8153285843587
3909,2184.4898,2194.205138005381
8236,510.0028,2135.707963435228
888,2620.5888,2602.990352259659
5175,981.3892,785.2707396951319
1580,319.584,635.1663480834543
4109,2297.01,2461.6999023138624
4238,1018.674,553.004622726585
140,1402.1748,2542.511171082117
6770,3942.8676,3017.1065527755613
4098,1182.4608,3115.1932998780885
4394,937.4464,3405.0158158919207
543,1398.18,2219.7750468589848
3412,1168.479,1013.2122926768885
3043,1569.9564,1393.3244218300476
6696,6474.2392,5284.515856179727
6565,296.9468,482.24950665105416
2563,2127.8968,3405.0814772502677
4824,5683.2688,4129.413595367929
6335,2616.594,2854.288595565945
6164,4866.998,2388.931725398887
6095,316.9208,586.7270866306028
4972,355.5372,1555.2919497241173
3535,2994.7684,3312.998780844054
7490,607.2096,622.6656567870277
49,780.3176,1098.3955131969974
7475,1685.8056,2281.2494024506473
380,5375.0034,5133.634714036551
7192,1267.0174,1597.1412953583572
4773,3131.9232,3224.0809362813216
4088,1629.8784,1367.3295210441013
2849,6196.6006,3875.7908360028428
6750,3094.6384,3526.904537468454
2488,3142.576,3184.30423939675
3812,2972.1312,2619.020756508633
916,895.501,982.48670749681
2539,5259.82,3412.220623413681
541,231.6984,1376.708656859327
7275,2922.1962,2126.7999699402644
6192,922.7988,2637.370004964253
5373,3819.0288,2607.1836125772024
1657,75.9012,402.34236193681744
273,5829.7448,4159.665652042195
7086,392.822,1245.3175871200644
2337,61.2536,-944.2809244197578
2607,3542.056,3147.040036938604
3299,5396.9748,4145.480622899489
2631,1510.0344,4117.149166849642
3776,4349.0056,3198.145456883381
4153,225.7062,1745.2812919240118
4557,2162.5184,1283.6977057683393
5378,1065.28,3468.3906154011847
6000,7393.0432,5073.224585109045
7564,802.9548,735.4488195485309
1035,2190.482,2550.5206784471347
8440,2960.1468,2314.526254293542
6539,3281.0624,3812.0896197507404
3434,3778.415,2597.2299900517996
5233,3751.783,1768.0926504084623
4061,428.7752,-138.0412372864042
44,373.5138,2107.6318060575272
5022,120.5098,53.36208376137466
5085,2916.204,3968.7934234196596
3007,3439.5228,2821.7177719114047
7336,1830.95,2432.5524099138693
2434,2006.7212,1517.0307154965794
2580,3629.2758,2599.58941332457
4559,351.5424,911.5065019721657
5615,2375.5744,2367.495974608803
7019,2466.789,2173.6835891008145
4574,2303.668,1915.025955351672
4589,1543.3244,2143.625631383589
7801,2432.8332,2757.3775592971347
8255,2696.49,1720.0236634016667
7646,790.9704,716.3507572525222
6132,5438.9202,3827.8718626669006
5663,1174.4712,1548.7361337073557
3637,1166.4816,963.6320829339497
2966,143.8128,502.2305806742425
6577,761.6752,1600.1404200164634
6261,4288.4178,4990.482856295623
4083,1216.4166,4324.7049611245275
4415,5219.872,3098.920564904815
2643,5976.2208,3597.3936542277147
1132,1901.5248,2482.3374747965945
5686,856.8846,1636.9558997395375
7491,3175.866,2982.726913655925
938,89.2172,-376.02613907934784
7453,509.337,983.2258546807079
6510,3251.1014,2762.3477573478895
234,605.878,789.9370173129754
722,1780.3492,2124.6206107571115
187,778.986,2127.1522154870045
3526,473.3838,1144.0147850296144
4699,6831.108,3708.1792138836686
2793,1837.608,1305.4737513726416
6198,3214.4824,3036.772156440593
2650,2524.0478,2513.280595470917
7761,1403.5064,1381.8556757085753
3112,886.8456,1685.630394856746
635,5087.3778,4468.435650403069
7677,2045.3376,4047.961164744795
4413,3900.9222,2437.833921383394
4937,3658.571,1647.9252579121483
5645,2077.296,2852.319188260642
1034,75.9012,-1140.2477998375161
3326,3478.805,2918.8142583777694
1103,5350.3688,2682.190455022122
6440,1113.2176,1015.2901701881492
2578,2648.5524,2413.6322828174107
394,3259.7568,3054.0727559335414
4994,2292.3494,3329.47183626081
787,129.1652,-814.5647535562533
2152,2348.9424,2103.9374350914795
5105,1230.3984,1799.0626255110988
3379,727.0536,983.2039528521935
4800,488.6972,1934.6173193795719
5276,2055.3246,1663.6407769145956
6608,691.1004,1844.2215119383745
7114,3174.5344,3195.1769253855296
6423,569.259,2704.765225086611
5840,1446.1176,1738.8508346426233
3766,5267.8096,3586.6933283803064
5575,885.514,1560.370668916504
3779,3563.3616,2177.705790274753
5977,8474.3024,5070.383507211072
7052,3675.216,3637.1978921318173
1082,1584.604,1838.5478380636625
7917,743.0328,1378.4185166875332
5836,3271.7412,3699.1294735008782
3976,1592.5936,2470.797290650447
1783,2364.9216,2420.538512523646
1414,3420.8804,5204.484089907917
3724,5000.8238,4156.626895031361
5605,1607.907,3349.4435965744688
2509,2960.1468,2337.9602222070575
2067,1518.024,2482.5038914731003
2774,1419.4856,1816.0356002283575
6630,173.108,-445.1642887117488
1817,4410.2592,3025.9122791414607
3805,2182.4924,3256.2087153183024
2081,392.822,1213.0679678076701
7551,3229.7958,3891.5014669075304
5173,2302.3364,2934.029932119
3714,5299.768,4227.131954917233
692,4974.1918,3987.0116920390456
1235,3235.788,2648.575182514732
5770,2388.2246,2284.243804951262
642,3246.4408,2386.197193940721
7419,2444.8176,2375.1078765964453
3315,2956.152,3082.480999537354
3679,2695.1584,2123.018344907066
38,388.1614,2089.085132883014
7813,109.1912,-1100.6426135733727
5155,354.2056,935.4277190444126
8405,124.5046,74.10451031684448
1180,2190.482,2439.4208389898954
1022,352.874,922.8072188691231
7538,1817.634,2534.2342092408667
8284,197.0768,-211.04800020362256
7975,922.7988,1447.3210259814418
1332,1957.452,2322.219365558825
5873,2422.1804,2316.019471416527
2189,5243.8408,3791.4584945568595
1386,3691.1952,2761.899598487474
147,1597.92,2585.2248464540125
8244,3964.839,4176.844081500685
7158,5592.72,3326.4600032545854
4520,2302.3364,1988.8671130121597
3769,3567.3564,4404.246552225208
5470,1791.6678,944.8967171982629
7898,790.9704,2316.923280143166
8441,777.6544,1640.8752381520578
4919,341.5554,1861.0943203489398
196,992.7078,866.7847433625484
5367,2596.62,2470.0886130413346
1456,351.5424,1437.4068623008427
277,450.0808,1893.113607263222
1830,1468.089,758.1638018263386
2172,697.7584,894.9253988684766
3266,5752.512,3450.958057016129
1379,5816.4288,5257.796817499977
4844,102.5332,-168.3449296751539
6799,459.402,3718.741657978633
7782,2345.6134,2964.9419139888205
2843,2796.36,3834.9078551622283
1283,1581.275,1172.091552632376
3375,352.874,876.0196064364329
5739,2087.283,2717.8296607479438
5937,312.926,542.204743422881
3180,1524.0162,1540.8028107272062
7671,1078.596,842.1105629324612
8210,3435.528,3413.4683635241304
2417,3731.809,3227.5975570581822
7299,3352.303,2814.2354131892484
958,1973.4312,2774.233084448708
6956,2125.2336,1644.7874266021697
3740,91.8804,-1075.5174352853319
3079,497.3526,924.1112281504334
5167,683.1108,1936.6462606145915
839,2857.6136,1705.217759587396
39,2180.495,2876.7292389690333
7852,1342.2528,1616.3022274437012
4881,2792.3652,2473.2403885987233
6258,2512.7292,2664.045709949174
7427,884.1824,1610.1578950818157
3603,330.2368,734.9031205425262
7648,1070.6064,1411.9199100582755
462,1787.673,1875.3282071306528
4065,1845.5976,2707.616284600886
982,384.8324,1192.4151620789282
6296,247.6776,121.63582631951827
641,6611.394,3210.112572214897
454,2683.174,1467.5198078146318
20,3775.086,3959.215534547965
8401,1395.5168,1605.8767629613535
8283,1845.5976,1558.1553227707363
3639,390.1588,1178.0864975919224
244,3225.1352,3603.267526240105
2984,1257.0304,2541.9388953554976
6154,3874.956,3109.080564828203
3978,882.8508,976.2493426454249
4609,1049.9666,659.1560772112898
6039,1757.712,2567.235652611768
882,300.9416,512.9357575575821
3443,1150.5024,880.5561073264773
7632,41.9454,-1138.7163916338773
4967,3146.5708,3005.717210929174
3634,1601.249,2032.158065870798
4060,5609.365,4919.994802258032
651,229.701,-1032.4891398075813
1852,874.8612,546.9082691623787
162,3315.684,3303.9061472953153
7043,992.7078,2347.9091314199904
4240,1518.024,3082.862181189292
6163,1957.452,2341.0620912572135
5863,2387.5588,3138.0927678512894
304,7696.648,3557.3374523378357
4853,2852.2872,2830.4085096190192
7311,1494.0552,1569.649880126244
7398,1494.0552,1350.893617824412
6866,647.8234,1623.9289170999991
6943,325.5762,1865.4285721870224
1085,5173.266,4118.965323574183
7496,2868.2664,3713.87677624418
5165,2954.1546,2955.2573138992884
2457,5099.3622,3561.420481257267
8008,2743.7618,3499.81824337223
2813,113.186,-94.79662571829815
2214,2936.178,3163.6444778584046
1168,2519.3872,1929.8219351630685
8070,868.869,1741.203083009646
6148,2740.4328,3161.8003723911656
8253,2896.8958,2195.2907764649017
6913,325.5762,1873.5141608190156
6340,3123.9336,2932.4644228892857
8003,1342.2528,3101.418953714965
1261,2681.8424,2340.9254000681353
296,583.2408,947.3444290019609
229,3101.2964,4337.082532544944
2241,856.8846,1222.7070338539556
4407,587.2356,1651.4749072325978
221,1416.8224,1582.0192083868722
6982,5073.396,4088.32976235199
6688,5888.3352,4252.049310693326
1411,928.791,1085.2037773644977
2549,6381.693,2325.988523666889
4123,4082.6856,2337.3037760990997
5435,2127.231,2370.942343952484
2076,2516.724,2010.6680426865569
7886,1857.582,1772.9577619465308
3840,1559.9694,2450.412472707692
4068,1761.7068,1555.863209356526
5972,549.285,1045.012722259173
7176,2037.348,2736.921012026947
1091,2503.408,2565.7233742367075
7138,652.484,878.1155371670785
8141,452.744,602.1345667835311
2250,458.0704,1848.4381193357392
4977,2446.815,2630.7059145602275
5518,2463.46,1382.9740141476943
6481,2716.464,2303.326778250584
6605,1125.202,2135.9392453954156
4328,5690.5926,2878.9526481209887
8153,1719.7614,3066.7482170979893
6289,2247.075,2617.280254481479
2676,4134.618,2869.1414705477946
4582,3495.45,3901.9523025775466
5399,2802.3522,2038.866535762749
8412,2203.798,3582.3188571289893
5599,429.441,341.54787598334764
4076,2450.144,2570.903848187791
6436,3506.7686,2477.4416103941653
3636,6338.416,3056.3496421624272
841,178.4344,-434.61057572764554
3528,3872.9586,2926.9337691671067
1547,829.5868,615.4282589092942
6724,1454.1072,2038.5260080503392
6853,3098.6332,1912.5779245395213
8046,392.822,3174.92416605007
1029,1198.44,1078.9535927904599
7766,1707.777,1947.1844670407781
6670,264.9884,2329.4398410249664
8148,3142.576,3124.2090562122776
7355,80.5618,-598.6308722165785
4900,3439.5228,2659.195061418829
6428,1808.9786,2683.717603793099
5498,309.597,1444.5753967556757
7533,2572.6512,3070.5886400406043
7994,3593.3226,2769.024435059406
3910,1621.8888,3259.870824958761
2568,659.142,689.2713490679746
2644,884.1824,1014.6692470442273
733,1807.647,1946.1395838707472
4105,5522.811,5538.547468816285
5694,1435.4648,2183.148745134747
6512,2841.6344,2115.703638074287
6590,3691.1952,2477.2099381017383
5558,6624.71,4249.031021028555
1750,5956.9126,4176.0616979380375
836,145.8102,-1048.6255127747963
2528,6503.5344,3370.2933486318957
4831,858.882,2363.983510204544
5006,1701.7848,2321.018362908093
7489,614.5334,758.316225571599
2866,250.3408,68.97443066048903
7154,3835.008,3477.5099131014063
683,1488.063,1655.71184980094
499,1298.31,2098.737257212775
388,717.7324,2373.1482619308736
6101,2999.429,2859.570316680504
3311,1346.2476,3585.8713027084295
6380,3755.112,3082.752951035691
8404,153.134,-716.1562379855956
119,1141.847,3336.694731673838
158,1701.7848,2310.942629548803
6968,755.0172,1352.726672396743
3986,4250.4672,1779.7665583399748
5962,1641.197,1691.662355087643
6693,1957.452,2210.393624810803
1044,6048.793,4225.43533164584
3964,2077.296,1769.926030233586
6059,3704.5112,3715.998265834028
4301,3295.71,1686.418682971837
7733,467.3916,318.9078604235905
7868,2542.0244,1872.0144949716862
6837,4165.2448,3840.3746950957093
3975,892.8378,1646.0552193053118
6099,567.2616,399.40773065442903
7276,1537.998,1735.8951702150268
1422,852.224,1352.9040014433508
4561,2183.824,1829.6613776489437
6183,3509.4318,2699.3376710810353
1644,153.7998,597.3946367441673
2480,782.9808,1269.7653321524183
2877,3165.879,3371.9025574822463
2491,109.1912,-104.23451401920343
1831,1733.7432,2393.397606140824
6464,2195.8084,2109.0150236385684
6141,4460.86,2976.2300853028373
7016,8062.838,5022.56496149011
1240,3415.554,3154.161937133462
2542,1211.756,1549.2717140748764
4225,233.03,1872.0369175888698
6372,2846.295,2523.1736017821145
4220,1571.288,2597.565391729086
4418,2530.7058,1976.8066893518692
7542,785.644,1366.881765860874
7198,3981.484,2517.269922016675
2041,633.8416,791.0088099753954
2223,188.4214,1164.5426147481517
3852,1073.2696,1324.4875775019768
1142,3747.1224,4284.155168714367
5139,988.0472,2041.39338344943
7833,4482.1656,3453.140231542776
6673,1006.6896,4107.693761207538
532,95.8752,-1023.947506616475
3222,852.224,1378.9010245440563
3581,1006.6896,1876.322513449649
6043,677.1186,3370.7099795226163
7004,870.8664,2489.9670955346055
4013,4857.6768,3902.619974286343
422,3415.554,3683.005947344981
7899,377.5086,550.9277414913877
1373,5426.27,3480.239805980164
22,1587.2672,3173.858894648054
495,2336.958,2931.269589657459
4781,2784.3756,2683.8022476551287
4270,2360.9268,2282.6157970314935
7680,419.454,1450.2428174605186
1718,563.9326,938.5183981684003
1683,990.7104,2706.758319650256
6415,126.502,-800.5905916446247
6079,341.5554,751.0741252666313
3744,4334.358,2433.4508052787246
2388,1004.0264,3657.132460840905
6024,171.1106,823.9995014024304
6619,2316.984,2837.05832212764
8487,4111.315,4005.6725780339343
144,905.488,1012.3987911878525
3972,1895.5326,2404.5773725000086
574,37.9506,-1302.7334509526086
4018,3392.9168,2200.7924786442545
6526,2145.2076,5205.268008568501
4873,4302.3996,5254.105256955343
5968,4996.829,4161.663659312389
3706,4452.8704,5094.459162683828
3648,3257.7594,2587.4154552569867
3239,3693.8584,3236.850124604539
1066,2633.9048,1979.6403488935118
167,1743.0644,1809.0038282024889
5318,540.6296,746.9505380560544
1869,1518.024,1772.5127049138573
1666,512.666,612.9402234957108
8265,4026.7584,2451.7609807120634
526,283.6308,1951.401682361066
2931,196.411,1174.7848458309552
1112,1544.656,2652.886525057816
8004,2446.1492,3615.7601988576666
4872,2940.1728,3032.4915325650604
6711,3563.3616,2384.9975154358576
2632,1629.8784,1813.2722857485694
987,5061.4116,3720.6169788451757
6561,1030.6584,2896.957915695379
1122,1125.202,1572.5944910664343
989,5518.1504,4206.073813769412
776,857.5504,1755.0094132267573
274,2082.6224,1561.7106002280434
7376,2399.5432,2331.024004535616
8368,1800.3232,1914.4066088619093
33,2174.5028,1535.3184781845164
5379,926.7936,687.7721292029743
5253,5645.984,2467.800476699932
1478,4211.185,4137.630108060107
6376,2651.2156,2009.0269411830845
2328,1120.5414,1271.1836221697956
8327,3012.0792,2736.379234595537
8101,2189.1504,2958.9291178112876
8192,2908.2144,1895.602264136159
3664,1318.284,1468.9064890430607
3849,1525.3478,978.3927906710527
2270,695.0952,1957.5507972815508
6757,2807.0128,2739.6789100724955
1656,3455.502,1983.3085287090596
4364,1411.496,2897.5922269121957
152,2768.3964,2867.406532181545
4902,2290.352,2255.8100818053313
8193,2656.542,2117.932436279106
7588,1845.5976,1758.158441749522
7484,671.1264,3637.3073856651276
487,75.2354,-790.1261917049527
5476,193.7478,-818.446805533949
2420,998.7,3909.902306956156
2894,1384.1982,3225.44046874017
3583,5660.6316,3137.7015131811663
1070,952.7598,680.805893755367
134,952.094,2784.1802834160226
7575,641.8312,3936.761143293903
1454,107.8596,-997.7310377910674
5871,129.831,150.51769344061506
5864,1201.769,1158.7236724253792
4512,383.5008,768.3328416858601
3053,34.6216,-1338.6378661377898
7286,1102.5648,952.8142773078307
5397,61.9194,-851.9717474419223
6970,1416.8224,1233.6803705839925
2560,1609.9044,1996.784494476507
2026,3425.541,3667.9741405388145
6578,1418.154,1669.3170170896058
3069,1736.4064,3448.773710996212
318,3877.6192,2391.0713368669167
4189,3238.4512,2800.66358213789
5306,1054.6272,1443.62444948499
3391,2376.906,1973.7733382796282
1121,593.2278,1188.9483787481618
6576,1034.6532,750.8946169470408
2899,2709.1402,3269.2886353698536
7082,2801.6864,2873.6090976003
5268,1323.6104,3105.949274448219
4323,978.726,856.622037675325
6096,1747.725,2031.8894619680618
1643,1198.44,2497.563490695407
6614,406.138,870.6066971692603
2134,490.0288,1990.2794573657081
1382,639.168,721.952219793937
5061,402.809,1311.8563252983654
6124,1062.6168,1538.5427167467847
5455,982.7208,2003.897377958317
4425,998.7,1667.659192657337
4355,4327.7,3558.2389459357437
509,95.8752,-395.67059812494114
3671,2036.6822,1772.1514088984202
6900,4314.384,2929.7324192832184
3286,8138.7392,5377.7667386325575
7951,4218.5088,4154.637438504129
7245,517.3266,996.0988978167231
2453,1325.6078,1992.0420738621467
6906,6454.931,4326.029401671409
971,615.1992,966.685496446497
313,1677.816,2505.7067746971893
7871,1677.816,2226.5481422047283
3202,539.298,663.2424535372895
5759,784.9782,2103.4180172617844
5583,3520.0846,3432.073553509984
4858,1607.2412,1538.339227466096
7248,1289.6546,1750.619949115056
7802,1444.1202,2618.2584565692923
8220,2621.9204,2048.289862489937
558,2876.256,3073.6155190734357
4904,4673.916,2562.7500687270144
276,7452.9652,4034.2905252092164
1540,716.4008,971.0619354384547
7511,3111.9492,2722.0993307510757
3474,755.0172,52.112215245881245
4139,394.1536,588.1873226459669
1984,4086.0146,4027.961717684286
2285,3202.498,2005.2861709674562
2615,7201.2928,5001.739455234923
3891,1358.232,1550.6862969950191
7784,2681.8424,2291.6745323715654
6444,3844.995,3813.4651907969924
6308,691.1004,1773.1902245668778
1942,3105.957,3453.1289258721963
2569,4402.2696,2564.093512986958
1977,2713.135,3236.6588682546803
1220,2884.2456,2454.740924075389
5601,3113.2808,3542.7895360471875
8499,2976.126,1674.9189735594587
3182,1142.5128,1348.8275813744203
2381,4374.306,3989.021545210031
2585,4225.1668,3159.5301094280735
6390,4434.228,3568.8743900766926
4887,1749.7224,2002.8112706859845
8066,4171.9028,2668.559700188692
286,296.9468,485.6292041798294
994,2982.784,2418.6078750249826
2586,139.818,-1186.709741148727
4753,3793.7284,2648.9914740158442
1952,554.6114,1432.4724024923166
7984,1245.046,1860.8541335234527
7356,974.0654,1506.444990077755
5904,517.9924,4123.331597276776
72,4604.6728,2801.732234133621
519,5344.3766,5049.956815570986
5081,1342.2528,1588.2926895660523
4978,1784.344,2817.106191713795
7150,4407.596,3515.4036530356366
548,2094.6068,1610.6070496186385
2888,2167.179,1779.593472875179
7428,1845.5976,1631.047969651095
1892,1583.9382,2069.0895826194223
8007,262.3252,2342.1942728988174
6702,1179.1318,894.5480875520341
5356,1158.492,3093.1214838329206
1955,1514.695,1676.9541436001791
5362,1006.6896,1873.0936531317216
7667,2253.0672,2046.5876254278135
2190,934.7832,629.8007882449236
5564,751.0224,1075.1345505240827
3711,1619.2256,1645.8790926822353
1675,2007.387,2168.8255660887985
6257,1342.2528,2208.218350738438
842,1470.0864,982.5489388903534
247,974.7312,2725.037358864696
8025,207.7296,-1039.9833189064043
8516,858.882,674.5930339713854
4110,2621.9204,1663.1840581937424
3573,1518.024,2494.8640702202633
2217,2428.8384,2479.9567049406064
7779,1258.362,1474.31551319943
4339,1114.5492,2079.4326857442366
5553,2456.802,3917.3376925730518
6285,2902.888,2434.109920285413
5335,339.558,742.4999565627114
3993,529.9768,2098.9141887023115
3485,666.4658,933.6435199978532
3996,110.5228,-211.76950215510078
2565,3844.995,3010.7529835877544
4999,2324.9736,3855.18530490752
6934,2616.594,4175.93203020964
4770,253.004,109.34421230665976
3083,7534.1928,2938.593284540287
725,918.804,2181.793690004556
2682,3531.4032,2404.2006611796874
7922,801.6232,2440.5793484840824
1741,614.5334,942.3748183688834
6721,1573.9512,2282.39773409778
6897,3261.7542,2375.8527825814426
779,597.2226,860.9479305758749
50,3134.5864,2330.0085579615065
4696,2534.0348,3661.629591396574
7639,123.173,22.186320120995425
7978,3350.3056,3063.2581408816122
406,5770.4886,3465.013378226134
4234,3379.6008,3138.5049474251646
5514,3880.2824,2044.6085070789234
4034,107.8596,-121.36795143514482
6652,715.0692,1910.4981319752926
2655,2066.6432,2105.899482096227
2141,5294.4416,4434.860305984519
6291,441.4254,1985.777387681291
6519,2504.7396,2178.1397823768184
2617,1522.0188,2390.7249686233445
6784,610.5386,1547.3201946462807
3465,1518.024,3005.6254290301076
156,262.3252,1933.4105306508784
8502,3020.0688,3471.6974032619423
2795,308.9312,645.1531242736611
6627,343.5528,753.6092892182003
6518,2259.0594,4012.8046283266576
578,4655.2736,3895.0467775607494
4302,3338.987,3164.7297513190933
8096,1163.8184,1132.3839277780876
2948,3868.9638,3056.076275810631
4004,4327.7,4166.142931672748
2872,796.9626,685.9234458200574
2653,4195.8716,2883.449543128198
8111,363.5268,1102.7243362597096
1308,343.5528,1937.2674600361668
317,452.744,1734.2314631222064
5587,1231.73,814.2045819309426
5817,596.5568,626.0139919923816
7573,3435.528,2382.51720808955
2958,3350.3056,3182.300474489238
1812,1597.92,1727.414400280152
7785,3146.5708,3017.696318098649
2531,2087.9488,2440.7144441995424
4627,4727.18,3152.6803880813286
7289,1651.184,1831.7872804712408
4957,298.2784,-741.7082192060225
6418,185.0924,-440.570925363039
188,2336.958,2944.354338421309
2004,4777.7808,3317.2020771582484
4235,494.0236,616.1249170128135
5129,3427.5384,2623.356670048712
217,260.9936,2233.194047315924
2405,2109.2544,1898.8385325713928
5168,282.2992,617.3017530476912
3753,3998.7948,3346.9187677115683
1978,447.4176,993.6964251501597
4226,476.047,1529.3541355284526
5992,3243.7776,3866.7136468032863
6005,1693.7952,1858.8281083693769
2767,185.7582,1352.5992981672423
2760,2588.6304,2294.298308613963
4160,1938.8096,2386.404743998233
4338,5704.5744,4141.212371912922
1334,4098.6648,1825.8259371225079
1597,1893.5352,2599.5014541234254
7482,3467.4864,1560.1215625918298
8335,708.4112,959.4479371313779
1833,1985.4156,2268.8516428367216
7970,2157.192,2851.793412601069
1514,3368.948,3765.600593420941
2887,6359.7216,3934.861305029582
2423,1225.072,1147.219709999421
6035,88.5514,-472.1991948524642
7301,3728.48,3086.036170233124
1063,568.5932,390.16630784446176
4912,4853.682,2962.769000834363
1172,2251.7356,1973.1953920921756
8105,1155.8288,1476.7904707226048
2929,4604.6728,3919.400107717797
7323,1188.453,3858.6629795642557
1972,1120.5414,1172.0778091678167
1768,1398.18,1682.2330280133897
122,186.424,-336.72869944433387
4488,1406.1696,1398.2667049982997
1529,3749.7856,2904.809260506629
1621,3755.112,3056.475935612257
7278,326.242,652.8590117387738
4942,2221.1088,3074.683519060162
1928,1897.53,2014.4324815314824
2890,2846.295,2820.3737610345866
1087,1522.0188,4040.2792458035756
5036,4094.67,2651.219881460172
8437,2596.62,1782.5051454012373
6129,1693.7952,2013.3953545431236
294,5499.508,4559.063162955685
7132,2449.4782,3058.9981124985943
6197,2526.711,3341.3437577792424
7870,1480.0734,2671.386188954645
5439,1581.9408,1167.993137108085
8438,3034.0506,2331.2759094581493
1642,211.7244,-65.16026921279692
1234,872.198,1454.8845744099829
1185,822.263,681.7803754267399
3046,295.6152,439.1391070017454
384,3523.4136,2190.214787266193
3756,5552.1062,2576.1512953554106
7476,1494.0552,1396.0430788775445
2663,102.5332,-287.91839242941865
4982,3367.6164,3006.2787960325636
4987,455.4072,552.5282554103785
684,5159.2842,3065.0978110460674
8022,5812.434,3052.0599922507877
4085,2120.573,2658.476440721515
7110,2644.5576,3591.5832904540075
1533,1943.4702,1508.1618731685137
451,1816.3024,1451.221300087982
4237,1404.1722,1328.0275555966607
2640,1288.9888,2575.9864549128506
1376,1151.1682,2679.481424190973
1914,515.3292,-465.6923928877736
5866,6636.6944,3734.0419532173682
2980,3101.2964,2845.0446464602137
1490,486.034,1941.377826400003
4629,447.4176,2120.6029041356614
5777,335.5632,905.3623012530402
4030,1318.284,1850.3198332679112
1811,468.7232,1002.8065519139526
2038,1470.0864,3012.0491969571844
6159,697.0926,1722.1935980906464
5313,750.3566,1825.063185035054
6134,8217.3036,5332.62048608885
1536,2320.9788,2593.1905617286648
2604,3956.8494,3139.9544699340413
5598,1882.2166,2805.5664068433557
396,3707.1744,3744.7277445149334
8376,3717.8272,3757.849633836585
6157,583.2408,1568.6575263941709
14,1977.426,3110.002568138264
5546,1980.755,3335.0227826176074
1900,4566.0564,3973.758026323374
2475,361.5294,62.09428640697527
7343,8209.314,4373.146010714176
6939,886.8456,1271.385861997619
7658,826.2578,2229.1558043916984
4092,647.1576,2329.4970222364773
4857,722.393,1411.1360807202798
5603,169.779,867.6545559948826
4178,653.1498,3442.0663867266753
7160,1318.284,1345.7173873498
8407,575.2512,2362.5355193648993
6752,882.8508,2421.5248052908373
4716,3182.524,2641.2821159845353
90,369.519,103.67682098588472
5421,2149.2024,2916.956675918502
5326,3950.1914,3748.8399089268255
5632,2852.2872,2633.6144938886587
5354,272.978,-1011.8148469442208
8167,1857.582,2046.106078551173
3126,2090.612,3146.6249221655667
6020,1218.414,981.7909348887902
3050,3761.77,2476.4037010481757
3490,1687.1372,3856.6987012763398
6669,1670.4922,2045.2492201827333
4948,1981.4208,3952.7959720211234
6047,1488.063,1494.8600449243006
15,1547.3192,1058.767771228924
1315,1413.4934,1862.6140775714898
8484,2324.9736,2072.0361833891175
2693,3408.896,4141.348202767065
5183,2458.1336,2790.515638371398
6413,447.4176,1224.7373124512565
5296,3159.8868,3836.863277753379
5248,3709.8376,4265.508082713903
6271,3463.4916,3012.3334809923754
1357,2428.8384,1724.7400373467835
2429,2797.6916,4027.5177530675646
7349,485.3682,1000.3477503904865
2364,4793.76,2641.0288787541986
4502,158.4604,876.6179577947411
4542,3835.008,1961.9428225864215
3493,535.969,1454.3441642359353
5095,331.5684,-43.96837196121663
5178,1539.9954,2405.8949645177795
794,505.3422,848.5282121933075
6618,1677.816,2964.6537492006105
1633,3861.64,3174.7127780813285
2804,2316.984,3129.740498236021
3413,1717.764,2339.262445244198
8184,4731.1748,3934.166153352415
5451,1134.5232,1602.5007342293413
8271,2548.0166,2429.414666095796
2613,211.7244,-251.62371302398248
4891,6608.065,4153.161328679313
2351,1761.7068,2140.9257585412543
7313,3068.0064,2453.1400162769573
1722,1197.7742,2414.972316041278
6046,848.895,1034.8880142428727
2178,1607.2412,1427.4915804501752
8430,4042.7376,2854.9691836208003
7010,5591.3884,2417.109321543438
5900,3994.8,2657.243020847562
6070,1334.2632,1762.9991335004784
2812,617.8624,1235.869082319677
1865,2328.9684,3158.24863466171
6679,4979.5182,4390.086742361922
2933,3119.9388,3697.1577525927837
1651,109.857,-1265.5944766529526
356,3163.8816,2261.3564401782296
7330,2285.0256,1579.5059724354705
4523,3374.2744,3360.73185063097
3025,284.9624,397.32495974446084
6317,4466.1864,2734.954382338518
2412,4845.0266,4069.9430194612983
4216,1747.0592,3578.313571823507
3243,777.6544,954.1242755594943
5134,1470.0864,1375.9302190981173
7055,4103.9912,2789.540202973653
6473,353.5398,770.5800929651666
1705,6524.84,3719.1722298938225
6727,1211.756,2031.8205595916274
4193,2716.464,3195.001579115891
6951,1470.0864,915.431274882414
6354,307.5996,514.0448796504429
5740,5321.0736,3151.388712792686
7442,343.5528,730.3418798432336
5927,1488.063,1634.0010662690615
5366,111.1886,-68.95654366546898
3160,2175.1686,2774.1642202285416
6551,2609.936,3011.3940220061136
42,2527.3768,3120.534877488052
4616,3323.0078,2021.5619470916972
3374,3739.1328,2526.847329353183
2162,1312.9576,975.796021867129
2396,3073.9986,2641.859881394749
3042,2137.218,3477.9895869200527
2892,1576.6144,1641.7862298233238
5057,114.5176,-980.1888325796103
8077,1696.4584,2178.5583839642404
3609,209.727,860.2107667393866
5415,3629.9416,1719.9717664824298
369,1230.3984,1882.1031467258808
5079,669.129,751.3235282543968
5478,3124.5994,2636.5057246970405
2260,2070.638,3376.2806282963984
6109,1655.1788,1330.3132238866433
3000,2145.2076,3826.460648581352
6292,1457.4362,2225.9391596422997
844,6515.5188,3977.224210769257
7171,3728.48,4435.0606410937235
6759,1366.2216,1891.037936664239
6699,753.6856,1147.3751259576695
2519,982.055,703.0368786010466
6502,568.5932,808.6380750227997
8388,2155.1946,2607.9523939860615
5673,3243.7776,3716.227532403438
1788,145.1444,498.0436506554183
7584,4567.388,3694.2570244662993
3093,5681.2714,3984.4008459484817
4498,5229.1932,3790.6643710598787
4059,1097.9042,1077.4257932370936
3433,427.4436,2276.763224227093
633,437.4306,459.60734629492833
4734,2302.3364,4021.474685933898
3488,420.7856,-178.17741704670436
629,1640.5312,1792.9926833304505
125,868.869,1620.9979008670953
5969,6897.688,2918.6915404915007
719,145.8102,917.8679807715511
200,745.696,1714.9776340887877
2755,3275.736,1827.7347650981933
8308,3193.8426,3557.3516598584542
6162,645.826,149.98537315931716
5193,5394.9774,3749.7725389408215
8319,4210.5192,3848.882277292856
8048,1098.57,601.208423159285
1595,1288.9888,1354.9463074251664
1997,306.268,1292.4372687204723
4017,539.298,1176.3928580913132
521,314.2576,464.04288059758176
2551,1120.5414,1645.637314462324
1654,5522.811,4134.250340631159
8087,6199.9296,4127.721591030249
5554,1347.5792,2100.2062435039397
7618,974.7312,793.3393091756736
7628,2163.85,3439.073845816865
5723,458.0704,1036.4648494502276
3564,1667.1632,3334.6808149937515
1437,6018.1662,4113.264222450802
4823,2376.906,2834.834285466395
1733,814.9392,1704.5357298301149
8506,3944.865,3806.165739091332
3790,2109.2544,2929.854862565483
7581,167.7816,-527.5471847883819
1284,3014.7424,3119.9896800127417
5758,2519.3872,1900.6006715528345
1259,169.1132,858.8739402254912
6651,1973.4312,1814.5987036266527
737,1470.0864,2029.563979822068
7467,850.8924,1958.287417386645
2590,842.237,341.94765400311167
7687,2069.3064,1709.436441322452
1278,1917.504,2632.1455648498545
2658,3672.5528,2216.1996058204313
6288,958.752,1760.49813275183
704,2756.412,2568.8758215842736
8262,3271.7412,2122.5663587516165
8176,809.6128,1691.9958514142277
3207,2606.607,1499.060365878666
295,925.462,1639.5010900329994
6395,2871.5954,2449.2694786167367
2747,261.6594,1543.353697696411
3896,622.523,15.220447734618318
2921,2093.2752,2856.529251200792
4096,1263.0226,2942.768993840093
6889,952.094,1704.5248896662265
4097,1445.4518,1864.5832093646222
572,2770.3938,2456.3584060883077
3121,3415.554,2951.0905535827455
4848,3146.5708,3046.3980637691116
5422,4604.6728,2771.2879348377605
3874,2450.144,2089.466442359792
6859,3163.8816,4586.585449599312
6174,922.7988,740.7217274565153
837,5063.409,3233.648649662749
7943,934.7832,1940.9981514099204
1829,122.5072,72.31394068779092
1255,1541.9928,3788.2303854933084
3570,1298.31,2146.103881379578
224,2406.867,2526.375603843578
5716,2324.9736,3146.5992859869234
7279,2501.4106,3121.472448738405
1845,189.0872,-466.5218289175883
8470,1551.314,2557.9826236032823
660,113.8518,730.5594013179755
4157,2141.2128,2970.6964401170617
713,1267.6832,2831.9167256030437
4252,774.9912,3166.098742238077
4886,1018.674,1873.9535817453398
2070,181.0976,1546.5215189380083
3925,2936.178,2276.871482482298
8304,1917.504,2672.3626591513903
3510,348.8792,884.7418878356418
444,3401.5722,3862.6563574209267
7678,2876.256,1753.0381876910144
914,2311.6576,2318.8763816025044
3552,5195.2374,4448.302915451253
2407,71.9064,-1161.9574382554626
3234,7503.566,3855.0767539744706
3030,651.8182,1069.061156394408
2359,897.4984,3665.5021032274108
7359,3900.9222,1997.9714199477837
3464,1414.1592,3698.519373252681
1563,1898.8616,1132.777366024964
326,994.7052,2630.6651074716438
3037,894.8352,1257.5699760655928
1140,1637.868,1839.1100043079464
5336,3089.9778,3806.477851218169
834,5443.5808,3091.397736245007
4135,3605.307,3017.8154376266457
4864,4029.4216,2045.2690068949285
5281,6021.4952,3880.132024774839
3771,862.8768,1548.8333864184183
4063,1722.4246,3538.3220275042154
7280,1743.0644,1707.3701235811936
2796,171.7764,-493.30664395092936
980,3547.3824,2446.7532009434835
7947,1556.6404,3553.3721931870746
2401,370.1848,949.8261396835934
7364,3894.93,2565.391586702618
8522,765.67,1254.7440458859887
1509,3078.6592,2872.161005498676
2891,6114.7072,3141.3352235422867
2587,4517.453,2825.9586263489336
4976,3630.6074,3080.6483772813203
7274,1627.881,1878.2299869523818
7283,3848.324,3585.8343053769
4662,2342.9502,1763.8404451687707
8434,4332.3606,2601.044457842403
3284,428.7752,1847.965998312248
7971,1267.6832,1349.3197165572908
593,587.2356,735.9323157181684
226,2956.152,1995.6579041017656
4140,534.6374,934.2845365931051
7050,3628.61,2348.0040857274853
1363,6165.9738,5032.100966275393
4764,2756.412,3002.737478983743
7136,2496.75,1423.7187520064708
533,3299.7048,2449.3776279788417
5332,101.2016,-233.34414794187762
4095,986.7156,2769.3898054851293
7858,188.4214,1178.9663773982786
6983,357.5346,-28.225966909584443
2385,4101.328,1629.9162340070989
5246,1245.046,1858.9088929330792
5532,2609.936,1506.2893362946995
7235,627.1836,1702.0019634452808
8245,7549.5062,4177.998761260966
1499,2577.9776,2650.3144675297585
6707,4681.9056,3126.2081285792324
5810,1039.9796,886.0343995131024
7478,788.973,2192.9305062836834
2290,2227.101,2142.520914836597
6569,7105.4176,3892.891451412443
685,5954.2494,4335.363674868664
1837,2759.0752,2882.3282347157065
3932,1145.176,750.1521917170564
6329,1351.574,1550.951691042144
4196,852.224,1818.8126022317215
3100,109.1912,-97.94759462558858
5483,524.6504,1886.9437193177569
1156,708.4112,1739.3684756813748
4941,162.4552,-554.5846353053109
3212,181.0976,544.9810044452189
6694,1105.228,1769.1419798403927
6055,3504.1054,2944.2258899729445
4410,6636.6944,5176.575232972167
2667,1724.422,979.4139775912479
8140,623.1888,805.0291118173458
6425,463.3968,560.6020518774535
8180,3174.5344,3214.044067483724
6611,223.7088,-740.3720280812119
7155,1581.9408,1359.2161788322137
8190,1304.968,2904.732883253557
5413,6474.2392,3888.2382981508426
5964,988.0472,2406.706963800089
7202,4225.1668,3517.801532186583
7760,176.437,879.3376540859553
1813,3681.874,4215.547107601395
2377,5141.3076,3221.509911272184
5010,2596.62,1686.1574548606345
4536,652.484,789.9936908118653
7873,103.199,-258.83435128508427
8241,73.238,-662.7046451470239
3850,1464.76,2328.5902508028703
1986,1402.1748,2486.640916705791
1590,435.4332,1509.142347996239
687,121.8414,158.84511539766237
979,1277.0044,2643.465936085846
2516,7590.12,3140.369920541267
6381,575.2512,1604.1434179910614
8102,1789.6704,2066.1987993897574
8340,5296.439,2380.9213000964796
2303,5660.6316,3462.659616975882
6875,311.5944,526.8155194019828
5511,4656.6052,2874.776050938464
1413,1304.968,1604.5483346752349
2817,243.6828,700.3782848129365
3260,942.7728,2569.772748394171
7320,3535.398,3174.8417614993946
6098,2804.3496,3716.145138280293
2122,717.0666,1793.187708172157
5495,777.6544,542.0790422883729
5879,4595.3516,3919.554291182475
8231,2693.8268,2609.442741260102
3595,5331.7264,3798.8178991233153
409,3195.84,3421.6731956022127
930,743.0328,1101.0146406436365
3743,1677.1502,2449.8889783379686
2805,3302.368,2746.993068516798
4759,1304.968,2191.7760961099043
949,2133.2232,2863.7781499765993
7001,3799.0548,3451.7650592544114
2990,1230.3984,2545.0282232235463
6890,1537.998,2521.830471774033
32,3068.0064,3791.74524734419
983,1223.0746,1535.0383730767805
1765,3547.3824,4725.182653910264
1888,2984.1156,1949.693316767952
6074,1583.9382,2035.5744842146632
7367,4068.7038,2771.0564825724523
6925,3047.3666,3537.1259163252357
3402,2580.6408,2088.026628890229
311,527.3136,1114.9196876929316
6631,442.757,-438.4151862243567
1282,1480.0734,2670.4229020285584
65,184.4266,1045.5639155601257
7577,2163.1842,1873.6997481208027
5867,439.428,1557.5402650423778
2267,3338.987,3204.84267811457
3623,2972.1312,2359.151539856854
4855,3934.878,4318.724729519676
7099,1823.6262,2737.661910767413
6816,2395.5484,2710.590157050468
4230,3369.6138,2546.215662637389
2847,1669.8264,1446.4767477864236
3090,2541.3586,3712.365166872831
6500,1970.768,1754.5115572583488
5858,1369.5506,2110.495076025962
5829,2687.8346,3615.7855361350994
4459,4427.57,2849.0936584289043
3955,2931.5174,2391.103825050302
2930,2820.9946,2500.9906299654435
7262,4380.964,3596.8678490689085
514,729.051,858.0718642563852
3551,2352.9372,1052.746013929784
5189,2700.4848,3199.448483966134
4631,3083.9856,5466.418690854984
1060,5390.3168,2744.0860266767922
3439,1757.712,1394.0055124819348
6616,2111.9176,2522.4067723401254
3270,1150.5024,2075.941839505408
1277,874.8612,877.7843594364454
7120,567.2616,1273.038407199011
3954,2693.8268,3063.866319787872
700,1298.31,2240.44767716071
1467,6064.1064,4308.425508979721
176,1010.6844,1706.9050784690849
536,2210.456,3603.8780429583567
3735,1162.4868,2820.4806870067646
6276,3884.943,4170.749301469579
2175,755.0172,2102.3237719555573
5631,441.4254,629.0006777294708
347,3307.6944,2929.0801165587386
1615,3511.4292,3112.72686327811
2664,291.6204,948.6941204755931
2090,564.5984,770.1992918852811
2975,2025.3636,3588.568712615658
4304,865.54,610.7593247514593
5486,3946.8624,2746.091389063129
4612,527.3136,2293.128394305748
4874,498.0184,2002.742669426351
3449,1964.7758,2590.452476918944
1480,1188.453,2740.623146935054
3705,1235.059,2920.106534515512
3833,1957.452,3055.2185173161156
4842,3036.048,2053.0372894242337
7751,1263.6884,1317.6945031410148
1917,2253.0672,2097.190660603008
7062,2475.4444,3071.860237593466
29,125.8362,-1084.6878305505402
7401,1640.5312,1065.2962620783637
2262,1922.8304,1684.791267964074
8266,269.649,760.3069558431507
8373,2051.9956,2876.12197239882
6269,4436.8912,3934.149675836226
6420,6056.1168,3983.8994534129865
2579,1584.604,1549.0262206167051
2092,151.8024,509.9149945678099
6441,1341.587,1808.090308823106
3754,2886.243,2784.2519933495464
7631,495.3552,793.2491200990553
1326,3358.2952,4069.1227958792297
6032,1511.366,2433.3571837969216
7487,4065.3748,2912.3745873419325
4136,262.991,2173.070520321994
1526,1258.362,1587.3686440064816
5053,2940.1728,2554.8850234897186
202,1701.7848,2321.380643744225
1578,372.848,327.50299272479305
6535,4165.2448,2949.2847813902185
1425,251.6724,834.1254681970863
6377,587.2356,1655.7740474497912
4576,1955.4546,2963.763548089663
6063,419.454,762.2424183976419
4152,5274.4676,2515.9721114743065
771,1687.1372,3395.9087570847664
3611,2004.058,2346.921197836444
8281,2366.919,4211.435342203167
5917,1709.1086,1725.224137314013
6884,5816.4288,3626.395931528722
8513,595.2252,1748.5482645013012
5611,4233.1564,4039.715797103827
210,133.16,634.5628032067841
3291,2770.3938,2445.224999840122
5772,1895.5326,2249.091680923712
1150,3038.7112,1782.008354390084
2764,1737.738,2416.364247815685
4273,1733.0774,1469.2672991916136
2009,1556.6404,4862.686145611728
7502,1318.284,2204.5481234656086
1645,3057.3536,2751.24210667656
2923,2428.8384,2359.4430321897994
7386,369.519,2.762684080394692
6396,4287.752,2636.863655099941
4974,1104.5622,2244.166639136623
6123,1810.976,2969.312346406607
5380,2768.3964,3892.96820219516
1143,1593.9252,1901.3032467976655
5787,3866.9664,1922.727839470567
5258,2299.6732,1698.4958964707166
3125,2603.278,2508.823051906268
7212,3436.1938,4151.0134057331215
895,527.3136,4096.685194278261
4962,5834.4054,4104.379475603882
8347,3072.667,3787.543548628998
3601,2527.3768,1726.1638946564838
5314,750.3566,1863.4257577039657
1161,509.337,675.1536888950386
1573,4660.6,3829.941120015453
2476,2332.2974,2665.835768560017
1893,661.1394,3238.8563504777426
1961,4119.3046,4312.192356783542
4086,1038.648,2163.6866359473465
2031,2556.672,2934.8978029206896
4492,2436.828,1959.7856638871403
4269,4266.4464,3805.6155709627296
7431,3691.1952,2862.3829757663266
378,3251.1014,2605.0048819032418
2577,846.8976,1994.2866881228188
7173,1662.5026,2487.2027204771653
2124,215.7192,-176.0234563303169
2111,4633.968,3733.316633455244
4398,2503.408,2506.386893952658
4944,2175.8344,1939.3605258100429
2108,4729.8432,2893.3607564605677
308,1039.9796,1610.0046559625523
7555,2045.3376,3948.011591889968
1712,3340.3186,1947.6155239147365
3156,1725.7536,3366.6368405305707
3935,551.2824,1018.2276914007388
2101,1808.9786,2683.719107367099
7735,4577.375,4383.231739712473
4606,4660.6,3728.0860465158803
7876,2137.8838,2663.120067323053
4041,517.3266,1026.2676449420223
214,324.9104,701.7760298088557
2797,1496.7184,3032.759905162829
3875,1906.8512,1816.7990722946267
6455,1458.102,1673.723037892443
70,3435.528,2788.81591118448
7544,4847.024,3832.3449489994337
5333,4042.7376,2675.15063942323
2088,101.2016,-1001.7212232434192
6582,767.0016,1066.9955667252364
8483,1612.5676,1962.151466296419
2065,467.3916,1782.3763209786075
3618,918.804,2214.710393640886
5869,2994.7684,3341.452521450231
1687,649.8208,1037.1323117054324
4149,1725.7536,1172.9821747031565
7369,950.7624,1330.6488835808943
2470,555.2772,1163.9730171446138
6847,3537.3954,2574.74252353025
2308,640.4996,902.8847664986703
2071,210.3928,1700.898528653872
865,2157.192,2024.4062656769513
4337,1323.6104,2242.5864583795387
6400,155.7972,-988.3016620308881
3916,1023.3346,612.0956962806326
6755,1318.284,1573.5139005383423
613,177.7686,1025.401461710834
467,2067.309,1539.4726090120178
4579,1504.0422,2654.8268023997944
7958,3307.6944,2301.9982041672192
802,331.5684,1002.6152398138715
8106,549.9508,733.5792566700965
2620,149.805,416.6335322391666
7081,392.822,1237.5504457817426
3523,545.956,1506.033332101743
8060,143.8128,318.36384788759466
2500,3057.3536,3133.5054078249636
4074,4207.856,4196.092210204917
5649,1021.3372,2098.1129888256273
4231,2348.9424,3258.172575945189
3335,2821.6604,3575.4266599270472
6952,139.818,358.6441664067191
3065,1705.1138,2229.7130681646017
7397,2587.9646,2820.3917729828704
6239,656.4788,711.9955640054562
7945,185.7582,1049.9065228988402
3327,2013.3792,1900.2214464972828
1455,5887.6694,3987.1100717669246
7895,5100.028,3713.6704775297544
4732,968.739,1080.4442664894177
456,9158.079,5431.024670842404
4674,351.5424,805.3653589534968
8379,2372.9112,3241.4245584371747
23,214.3876,-139.48101529483824
5420,3179.195,3456.32900243451
527,323.5788,590.2145192600784
7408,6157.3184,4333.473668051332
479,2205.1296,2978.6584698676284
4968,432.77,1436.3881163676422
6898,1151.834,3511.576058948285
2350,197.7426,1296.8802429924926
4284,549.285,1066.9478947193334
5712,4247.804,3021.022915269274
2446,585.904,1990.452848735007
3075,6093.4016,3745.1957752682342
3663,774.9912,1099.3536578792668
7029,882.8508,892.9162560133328
51,850.8924,2224.3367227116332
3728,2281.6966,1559.67645336336
3698,209.727,793.3631766158423
4127,299.61,1413.863437851615
489,37.9506,-1273.218782070534
2630,3113.2808,3432.5402904055454
3319,2614.5966,2213.27424437344
3681,1518.024,1172.8215198922428
3209,642.497,2218.683874284395
8043,283.6308,384.3463220605866
2828,905.488,3682.6171960508354
7636,575.2512,782.7148295122569
4540,5303.097,4491.606589107458
3697,2529.3742,1487.5558158690283
3619,1808.9786,2746.858584679075
5143,337.5606,1910.865277496217
1652,498.0184,665.7752996897373
6393,1070.6064,2935.75316074196
2768,934.7832,959.9424206161367
7162,2061.3168,2813.385126932996
2194,2579.975,1828.6660595392755
4626,3149.234,2450.300644821617
1089,1006.6896,1507.3188647515613
5914,2343.616,1908.7602081351524
6342,4587.362,2860.9713795537855
7023,5020.132,3067.146780195832
6583,1669.8264,2420.84595476976
7626,144.4786,355.88615621445797
3759,3006.087,2388.7792551555053
3725,4781.7756,2828.2685542883914
4869,2055.9904,2089.5525322916114
1960,5350.3688,3084.304261216644
3440,127.1678,113.9520128970284
6609,1829.6184,2110.3541850018755
5038,4795.0916,3017.669088483748
6855,135.8232,-1117.859284411408
2917,1941.4728,1476.1531644644592
6918,1962.7784,2945.3764550007645
4676,7741.9224,3848.5921131094374
4637,372.848,-307.0706596282544
148,529.311,2878.776205706963
1800,719.064,1010.5704682567082
7921,888.843,877.5569947023124
6459,1767.699,3261.022398363814
4752,756.3488,957.4337617225286
8314,4853.682,2617.2760331456443
3726,4821.7236,3778.0755781078565
8037,1977.426,3030.822594779539
6623,1609.9044,1935.4584224390321
2265,1209.7586,2506.5395192746505
5164,3263.7516,2998.433804723773
978,762.341,561.4210029602846
3287,1416.8224,2898.967210830137
1607,419.454,869.5329583562318
6338,4442.2176,2655.44374373292
4963,1422.1488,1989.931218536064
3039,105.8622,-1299.9658982804783
1515,1245.046,1875.6283352726844
3538,857.5504,800.849529506048
773,2746.425,1275.6523794521183
891,1043.9744,857.715998339344
6247,4399.6064,2246.13792427419
4428,575.2512,513.0277083558831
3651,2763.07,1529.9400152886728
6961,2356.932,2509.180740349252
2095,1231.73,1939.4229806740143
3559,199.74,501.78441187626896
3088,1686.4714,1369.7830198850315
4624,1534.0032,2458.140992036436
7053,3219.8088,2035.0247950862574
3351,2886.243,2757.3745621129915
6532,3600.6464,3584.21055875757
8123,3150.5656,3239.249351975959
1891,1068.609,3514.830636287274
7197,2247.7408,2281.211790291111
1870,1685.8056,2308.039630359285
5766,243.6828,26.23490965931626
6504,153.134,565.066038840097
3554,1050.6324,2873.224761103418
7724,1491.392,3083.6492861981455
3862,1691.7978,2500.190703793057
4084,2543.356,4072.867649892422
3481,1821.6288,2377.17097290609
3524,2388.8904,1790.451228201315
880,1174.4712,1226.1525233107498
1726,1761.7068,2019.8749489387908
1127,6872.3876,5536.626390925456
2875,467.3916,665.7406790566852
2983,4910.275,2796.0358923462218
1513,4006.7844,2000.100852202466
1585,1102.5648,1612.8717385761847
878,1054.6272,1431.6883902340635
6085,401.4774,839.8217122404911
6753,4229.1616,4222.3301242439575
5667,2530.04,2180.553219102147
7771,2388.8904,2666.223875226052
3348,418.1224,1453.4316934849755
5880,171.7764,797.30311096604
2232,3123.9336,3027.6479505719453
1290,4189.2136,2918.795403913927
283,2277.036,2485.0404754598217
4441,1286.3256,1649.5196847221994
1014,1614.565,2509.196068055869
3514,1113.2176,1370.3393632812324
8177,1869.5664,3743.9436393958745
6999,2094.6068,2582.2534046012943
4257,190.4188,-329.78113163315084
1766,3125.931,3309.244667995056
5731,1342.2528,2770.3155702177723
7222,589.233,3223.95748138464
2708,4460.1942,3366.9891105590086
675,3896.2616,2826.751875110958
6433,2354.2688,2480.438536538066
768,1657.842,1885.6600229121088
8178,4013.4424,2957.766562084553
3956,3214.4824,4411.0880981510745
4807,1874.8928,3809.0536773744348
1292,3327.6684,2620.242042546829
4340,1006.6896,862.4164501585224
2623,1164.4842,1812.743085576195
5450,858.882,849.3955396955654
6222,1282.3308,2319.9924597338836
3895,183.7608,-870.2909298814751
6234,531.3084,359.0998603224246
6345,292.952,663.6928108587763
4513,1090.5804,1357.5690233178332
1343,2021.3688,3069.920509215228
917,4655.2736,3928.1955588308247
5754,1944.136,1734.5795291867908
1237,1379.5376,2747.4238679195323
2554,1941.4728,3485.9347917632285
1690,1294.3152,2604.0024359162226
2641,4354.332,4787.463392688347
4341,690.4346,650.8797312881236
2860,4863.0032,3588.5280101237586
3026,838.908,1580.025367400269
85,2479.4392,2916.301113993144
4601,3695.19,5259.336870244373
7726,4637.9628,3064.1262828946055
4539,1406.1696,2003.5660935026767
8414,2263.72,1841.6382309655128
2716,4224.501,2529.743390218621
7546,4277.765,2823.5383523175956
502,527.3136,2156.2843764080167
6908,5564.7564,4039.607047082441
7437,1004.0264,2699.7920783953373
7252,4161.25,4079.6004915946332
4484,1901.5248,2587.941915632627
7251,2163.1842,3833.4792839022107
8447,7588.1226,4104.688131005178
5211,2153.1972,2558.0298881349718
3656,2749.754,3185.346271780637
8444,482.0392,3361.094498807724
864,932.12,1607.0110739630443
8005,1910.846,3062.7724198326327
1742,1426.1436,2573.234767465234
170,2120.573,2718.7079938490165
4404,1927.491,2175.7268200318695
464,4466.1864,2386.665960986139
3223,2873.5928,3248.172626824207
2397,1884.8798,1745.0087193198897
557,1747.725,2828.7767624562925
8491,4809.7392,3369.3555277949026
470,3448.844,3947.042618006386
6359,3010.7476,2942.5338682555343
874,619.194,797.4471425894997
5301,906.8196,3857.4024859724145
3709,8063.5038,5331.294454821991
2340,129.831,-1114.4685684669857
3856,2014.045,3023.1990672260863
5352,2586.633,3404.1089982800618
2723,5901.6512,4396.8812167938195
3783,4074.696,2797.1200713236676
8511,4207.856,3850.6770992260263
31,2741.7644,1229.4957180829654
5212,1310.2944,2334.9748462650236
3683,3528.74,2911.3663637650297
2059,1826.9552,3675.605899945196
7327,2684.5056,2412.7140482847863
6200,1057.9562,2434.6148589876957
418,844.2344,3450.3753966879467
2730,2470.118,4023.0067268920084
6196,343.5528,1077.993652195164
5166,2106.5912,2442.196560377306
984,2182.4924,2960.6540275562247
4070,2117.244,2846.1655405075535
1855,262.3252,243.88958142134408
7716,1797.66,1928.3125539687658
6650,1086.5856,1282.5181379694
4943,352.874,910.2170049061924
800,1108.557,1961.4092167249107
6405,1191.782,1917.6292910210009
1388,2087.283,1926.1255671048027
3953,3994.8,2561.3444868832885
5384,4012.7766,3095.6423461919167
2029,1347.5792,1178.9543902117837
1448,2647.2208,2764.506532974553
5831,3029.39,1980.8072433283894
5190,4026.7584,3682.6822234393844
6230,2846.295,1984.0661301338969
8197,973.3996,1125.1741211955425
7498,433.4358,383.8383524422486
5738,1078.596,2194.834157019159
5453,179.766,949.7127401771766
4202,322.913,1059.7603180470592
5467,3972.8286,2378.3143757570037
3359,463.3968,940.591468677299
4026,322.2472,638.5565830804028
6349,3332.329,4164.019509490521
2784,3487.4604,2126.9592807962676
3101,978.726,1676.8770683930707
287,559.272,468.31196866674094
3277,5753.8436,4647.77023132652
5644,1612.5676,3656.217825187908
6093,3823.0236,3307.391193484388
7068,2410.196,2023.2873734139393
912,2665.8632,1915.645714544611
1746,404.8064,980.1922230480327
2951,2423.512,2760.3593508065546
5799,7425.0016,4303.01552578842
1854,113.186,-93.59246699835157
6969,331.5684,925.1052869663165
3055,572.588,448.1529937875166
5565,3555.372,3862.782277624037
5970,2308.9944,3105.669962902967
8285,1604.578,2713.4066127934093
559,1966.7732,2358.3416812696855
138,535.3032,1596.0702202831778
6901,2988.1104,4036.147259419755
8143,2348.9424,2190.2979739877815
137,1314.2892,1018.8636533592249
6749,1926.1594,2853.4807179700542
4947,296.281,917.347244009577
5237,4725.8484,3738.380738823469
7595,6431.628,4264.909140397589
3302,894.8352,1246.1949496507573
5568,2492.7552,2949.699668267715
8062,2073.3012,1959.8562530587258
7902,5257.1568,3253.7609299786222
4737,1896.1984,1987.1669087934345
2242,984.7182,1984.1017262258956
5510,1597.92,2631.644223739147
863,1707.777,1728.1168913025854
6648,1159.8236,1546.1572004633472
760,5163.9448,2887.271498419081
6088,5946.9256,3473.786026206645
6851,1278.336,1337.4164655670033
2703,966.7416,1470.4444125513476
5412,3705.8428,2792.1973365315876
1940,796.2968,3306.9201313927783
2873,1657.842,1839.5673697101163
1985,1705.7796,3616.0060857920485
7236,7939.665,4198.003804950877
3063,3110.6176,3206.068847811355
8172,2396.88,2658.294647325441
5441,1695.1268,1173.4329786519372
1751,6404.996,3933.9510485029955
6780,4566.7222,3697.1448476134647
4397,3466.1548,2899.477976114865
900,143.147,454.98298755380483
2724,511.3344,796.8445421940925
393,916.1408,1591.5141667911707
2707,539.298,992.3248290637804
2735,2656.542,3079.0758488457127
3864,1733.7432,2448.861582860494
7059,155.1314,624.959427078203
3429,3418.883,4173.8455291867795
5031,527.3136,849.25496733076
831,5976.2208,3956.1991839319417
908,657.8104,694.380454851294
3987,1342.2528,1483.40385658676
420,291.6204,-256.4008631997204
2570,3643.2576,3123.188483534634
4218,1850.924,2990.671276005061
5658,1272.3438,1075.952134610384
5525,830.9184,882.4476750074871
194,5070.7328,4303.689730221511
290,569.259,1867.2508132477276
4713,602.549,1648.111418399953
5856,3488.1262,1844.927706093361
4045,3089.312,3213.2499073911567
3426,2535.3664,2539.74102770631
6073,2326.971,2552.1431581675124
6351,1800.3232,3732.909185109756
5971,808.947,965.6663857521755
4665,2432.8332,2855.645604832538
7308,1428.141,2209.605437676669
7617,2625.9152,2949.7613597579993
963,2157.192,1487.9432493725317
7309,193.082,-284.4000618323438
5117,2892.901,3830.9957791229613
5953,3383.5956,1741.5840336991278
5857,3515.424,2812.429810823243
2049,1328.271,2775.868717000572
4655,94.5436,-1035.1739113447686
6674,125.8362,129.51756578534724
4958,5359.69,3585.2962938867386
7077,736.3748,988.6605414927541
2212,2942.836,1853.8617375963522
6554,3775.086,2930.8816303135854
2851,466.06,1536.726397296042
159,2471.4496,2479.3980042867406
3152,885.514,2185.9261143587337
7350,3950.1914,3676.3235558480687
2400,2336.958,2899.4695835742555
1912,860.2136,969.0478779618891
3614,1488.7288,1949.0385224407382
6682,2199.1374,3516.0693040828096
4411,1779.6834,2650.6149131695233
6534,1821.6288,1921.863137188826
6468,282.2992,2044.7925960526493
2311,231.6984,1343.0314188657103
4456,785.644,746.9877363689149
3353,628.5152,428.26766441802306
9,4710.535,3066.752963766722
5417,2045.3376,2844.362739262593
1139,2399.5432,3773.955621767068
4472,365.5242,11.616343744404176
2884,3020.0688,3461.760622949036
1314,739.038,1302.87101344011
3345,857.5504,1750.310366447348
227,153.134,446.20048732164145
7240,916.1408,1058.5266370186368
3904,2446.815,2688.7256281535824
3586,99.87,655.3267033907874
8209,3075.996,1718.4214820108486
634,2370.248,1909.8918527147366
8346,1596.5884,2348.2304317816
7927,4837.7028,3649.250329059628
747,2041.3428,2337.4830187211437
8468,467.3916,1359.282338956405
191,4745.8224,4294.297502188852
6672,2993.4368,3111.9485753726053
6601,319.584,1793.685950666887
1421,2375.5744,2544.603355841849
1461,3914.904,2960.8910419182416
530,1960.781,1713.088300182843
5861,3364.9532,2875.518084666901
4291,517.3266,847.4203478537709
7924,276.9728,685.9500924210439
7112,1278.336,2468.2732972650306
1460,4247.804,3465.726085217697
7205,3004.0896,2135.9312863427817
7890,2554.0088,1543.3444270590228
291,3866.9664,4236.34220041952
3197,3981.484,4625.373552579738
8488,2756.412,4343.193576274085
4348,2048.6666,1632.1735405306156
1352,2356.932,1940.7014719903768
2529,5972.226,5105.690670758711
1710,6769.8544,4908.277655889502
2635,5470.8786,4077.6071556049515
4578,1384.864,1850.1069239634198
3363,3572.017,3411.877220171682
6804,1597.92,2371.4682092686357
4222,3200.5006,4117.654772678052
6472,3202.498,3895.187030255463
4644,3235.788,1665.2800467466432
6179,555.2772,985.3230514084433
1861,2885.5772,4238.285914733293
3598,218.3824,-1046.8282420426012
1523,5478.2024,5366.750746700962
6404,4508.1318,3431.2771970390527
5820,1090.5804,907.0474408741551
48,2576.646,1089.9047114945697
4583,743.0328,1962.0872121314
3791,968.739,3165.9279162520384
3635,759.012,2099.0263630174954
321,4950.8888,3638.1072148034445
4724,3044.7034,2930.4936807147733
1819,1012.016,2085.1287883357745
6306,1017.3424,2090.908997249341
2306,3169.208,3165.968220100206
2355,4653.942,2574.484763813802
4630,1151.1682,700.0321889163831
1946,3448.844,2876.7384587159127
7712,1241.0512,2612.6063610535666
5377,985.384,1735.345992900135
2455,3506.7686,2462.1885309897298
6888,203.7348,293.8445717073634
7579,1388.8588,1634.0899812961445
6224,761.0094,1403.3810619621245
4430,2684.5056,1921.65405752046
8256,1358.232,2476.4825395936464
8086,3825.6868,3732.102231809894
5357,5327.0658,3681.5521035813176
840,1406.1696,1578.9754671534054
8078,5145.3024,3641.987628016142
6528,412.796,-524.7522672126777
6475,2277.036,1680.49725838513
3013,735.709,1019.060553820043
667,1325.6078,1878.2522554992233
6193,3475.476,3197.975128561219
1380,1575.2828,1734.7886267631075
4677,1186.4556,1883.5843937400145
4993,331.5684,961.02211778834
7957,894.8352,2078.456034050143
3553,731.0484,1972.0853663339096
3943,3327.6684,2555.1546934942744
1469,2863.6058,2742.004711300054
2436,908.817,2186.258011686695
3814,2649.884,4314.097054173737
1216,1303.6364,1936.1872043760413
4031,221.7114,-659.2651904805306
5056,1805.6496,1358.438614006087
8108,1731.08,1487.3628504321293
5007,2302.3364,2099.477954131695
3114,459.402,1718.310855181351
3615,460.7336,3682.963627010183
4003,1810.976,1908.6924941923944
5668,2530.04,4216.689248709845
2252,283.6308,455.35486515275323
5814,283.6308,1626.2048761041283
1748,2406.867,2704.897410161108
133,101.2016,-193.8664949217303
1785,3171.8712,3953.858985635829
1238,3559.3668,3222.805537178078
8240,882.185,623.5711058383897
7789,838.908,861.0679111417683
5548,2956.152,2997.295991623036
1957,3067.3406,2951.133073949279
1453,3731.809,3244.4768830675735
2182,1113.2176,1715.5656726593743
8081,1872.2296,1389.8770862062543
7416,185.0924,-364.3740975754977
5682,1701.7848,2984.5173171684496
4651,2048.6666,2105.3459731108
3682,2556.672,3442.6955275387113
8303,5313.7498,3787.042987412743
1398,5191.2426,3658.513977396746
8185,1084.5882,2037.8353144099879
4016,596.5568,522.9170235194827
2078,1022.6688,1289.2649776558017
124,866.8716,1082.2889144901678
6202,1549.9824,3128.1880636525407
2826,995.371,3182.440428518157
2044,805.618,742.8659160064179
3136,3858.9768,3013.8557702508097
4162,2992.771,1751.2009654600636
4389,89.883,-466.028939772472
1868,1244.3802,2945.311090387427
3657,2739.1012,1917.5503327442702
2738,1861.5768,2457.3396579378455
5679,2596.62,3104.3323959828535
7271,1298.31,2302.8489736010615
8505,2117.244,3098.3705335116274
5191,1301.639,1302.700283250749
6811,75.9012,-647.5768529640167
3733,569.259,4382.265129314144
6958,466.06,527.3813452944117
5186,2799.689,1644.8401827962366
976,474.0496,15.705803671993912
4749,908.1512,1458.3372223453657
2916,2536.698,2829.961876649971
5020,619.8598,1496.6929914392529
2149,1537.998,1325.1871350181925
7226,579.246,1510.6372153768114
7980,171.7764,-436.8834367026609
185,1012.016,1397.2808887085332
843,2896.23,1575.71514211908
1815,1977.426,3234.559604396369
3908,1304.968,1593.0347155225195
5045,593.2278,3271.290509114461
5695,1436.7964,962.946463429331
7193,2037.348,1631.397131683282
3872,2556.672,2845.069010542936
8206,360.8636,974.2509517991759
1051,1810.976,3113.5041368334228
4812,91.8804,-1165.9848549589258
4721,1145.176,2345.3030749839954
6365,1677.816,1838.100572551648
6208,183.7608,-278.118053517608
3435,5069.4012,3100.8266557139814
3071,3691.1952,2841.2481774477224
4382,889.5088,1536.4607438632356
2164,910.8144,2103.4088375574815
5526,329.571,-109.09313436871517
5344,135.8232,-1288.1619329619098
7995,4037.4112,3703.6665759579
5651,1340.2554,2056.2468486231887
2272,1478.076,940.335109788112
2846,492.692,3586.6474981851934
475,1193.1136,1409.5362876445854
5537,690.4346,676.3526446251391
8403,3984.1472,2637.9564844784586
6030,2390.8878,2074.3957374542038
7948,2848.2924,2109.952057457688
4586,2053.3272,2799.24336185717
8171,222.3772,1861.3137727867734
597,5770.4886,3408.903860917592
3432,88.5514,-415.5736802177193
4141,5000.8238,4136.457390939515
8458,452.744,1696.8914553342913
1246,1619.2256,1756.4449362276985
3220,2530.7058,2019.17700986297
1387,1989.4104,1845.247104660293
2938,798.96,1697.0868500018687
1167,1737.738,1534.3026897314212
6810,3589.9936,3656.271649279558
6470,4152.5946,3165.1601919355585
3200,2040.0112,4146.6896997925705
1995,732.38,785.2146287841508
5983,1627.881,1906.2187794563445
6328,1310.2944,1849.3920636912083
6610,758.3462,739.5939239916656
153,898.83,1938.0962988861302
4706,4306.3944,3190.069429722167
8218,3825.6868,2471.1965748660373
1761,2841.6344,2159.8989798039865
3701,1970.768,1329.4371660900654
275,7298.4996,4185.622698201476
4991,8508.924,3727.6463681729106
143,2676.516,2860.2983626751216
5743,4807.076,4080.33117025943
6701,1298.31,1702.761363961355
3431,679.116,945.5021183212554
5876,219.714,-29.650915156065707
7560,7322.4684,3005.8805144997864
7983,2552.6772,2316.7409570742334
5984,143.8128,890.7758206866708
2717,4063.3774,3797.4105893177966
4880,335.5632,723.2548805258617
3164,455.4072,1642.659929138192
7306,1062.6168,597.0949984698466
4390,683.1108,1831.9073094593555
7985,2916.204,2306.616771040072
7611,1290.9862,2652.5693747986898
272,1929.4884,1405.93313719274
2648,6306.4576,4552.145629171164
875,2808.3444,2409.0334017945497
3098,9467.676,5513.357056386529
1926,2167.8448,3199.8310585244403
6798,175.7712,-400.206426740517
4166,1904.188,1637.8179148842837
7025,6076.0908,3799.8213672026145
5114,351.5424,859.3633094435766
6339,976.7286,1839.2090489810262
2243,2037.348,3730.1125236205535
3662,3621.2862,2735.3783076026252
2406,3243.7776,1909.6676166282111
8228,1813.6392,2503.9682090440415
2460,2187.153,2396.8797937012237
6467,2603.278,2097.726312042186
7332,431.4384,99.82424495948223
7225,4194.54,3382.934117477189
7809,1342.2528,1740.4284719831105
6204,677.1186,1681.8409681663857
5430,1576.6144,3116.7772490140032
3563,801.6232,1043.0211867448925
6596,1705.1138,2124.955416746515
1433,843.5686,2038.9889210145732
6153,2067.309,2908.101381968579
751,3435.528,2798.560842270474
6051,5779.144,3766.6145111875157
1916,2181.1608,1671.972521788725
3652,2940.1728,2969.6841982467377
8243,2362.9242,2969.9327068277153
1008,1334.2632,1872.8559369088186
3617,591.2304,818.1129909425013
2393,1168.479,807.0007831326752
472,8114.7704,4381.355561359418
5094,894.8352,855.798916166632
4838,509.337,1721.0543154481368
4774,2283.0282,4030.245914454225
2036,1911.5118,2821.178013833233
2545,739.038,2057.0927326972615
8280,4326.3684,3396.780178256839
4945,1403.5064,1462.0303196034615
3169,1488.7288,1563.3387626518231
4500,1332.2658,1109.0703009006988
2017,756.3488,1121.8130605010326
7710,255.6672,415.51779917291515
3885,343.5528,993.3357814323082
439,3600.6464,3627.1188249746224
263,5359.69,3643.0739488279546
7319,3316.3498,3110.23183494756
5092,229.701,-621.8900270057895
7321,1651.184,2730.04092161863
893,729.051,2323.025328695809
1479,4492.8184,2274.869280140591
1129,174.4396,-424.81316755394766
7379,555.2772,1071.2616141491653
6809,4731.1748,4006.045526751529
8270,1937.478,2798.3167560705756
2971,1757.712,1346.9217721524835
2402,3756.4436,3668.729346676992
2247,5105.3544,3014.741008394971
121,2085.9514,2561.7833994119665
818,322.2472,1323.337655081739
4700,2759.0752,2858.7792010335857
4448,181.0976,788.4602895568181
4346,9251.9568,5481.5554873654055
1906,4916.933,3669.152389150881
7097,3635.268,2169.3446486900525
6318,253.004,605.4740541016438
5768,2708.4744,2441.8662583419
1457,2826.321,3105.1111516886162
6580,3803.0496,2556.511454364518
4658,543.2928,835.6398780026669
7592,6066.7696,4320.913314114665
8191,1286.3256,791.2098909431442
2150,1687.1372,1999.8387871959258
496,2348.9424,3081.1134650245
7422,868.869,1455.2890111419504
2646,3282.394,1587.6707100412564
735,1751.054,2887.1333897658724
7360,2748.4224,3759.9000497069833
2456,3560.6984,1758.1689027364787
4799,454.0756,813.4544775836284
5566,986.7156,730.5172145349466
5988,2217.114,3479.353183015927
6143,787.6414,1880.2294235088823
2608,1949.4624,2057.1367656463444
6023,1492.0578,992.1110756214184
3192,387.4956,1180.3399019942744
812,3617.9572,2673.490448445212
5806,622.523,2066.4611795024002
1775,2748.4224,2450.154658538989
146,6301.1312,3757.5162349438597
3669,1312.9576,1313.6980393493898
206,780.9834,833.1316743035311
1294,5382.993,4180.083419345972
3719,1038.648,1430.7334113067177
2103,5768.4912,3918.1740899400943
2876,885.514,1172.7828605111047
3699,415.4592,523.033905724709
5358,4288.4178,3567.1922818767084
4762,2024.032,1714.5818710863111
6266,89.2172,-1113.6700484711484
3689,671.1264,2165.1350870577135
8382,3103.9596,2378.865842170423
2670,1611.236,2641.215180859231
240,6795.1548,3977.545737392645
579,1547.3192,1839.798373355803
6256,1771.028,1496.931044865168
698,761.0094,2058.9402618316126
4490,402.809,1437.6210237895148
4279,1895.5326,2362.3705977259033
142,2143.876,1771.9681382725114
3263,3318.3472,3868.795213168145
6924,1102.5648,1259.361068898445
3501,5145.3024,3967.499878073313
1856,2181.1608,1449.5678309278483
6548,447.4176,1070.0476886017905
3021,2721.7904,1599.6843476226306
7127,539.298,1807.1797329881165
2372,3803.0496,2914.4230023157293
4183,355.5372,965.8002532889392
6137,3635.268,3916.3354753071944
6327,344.8844,806.379924968732
7992,2440.8228,3060.7915866389353
5418,4729.8432,3134.823751311319
2465,4580.704,3759.1354529985847
991,9133.4444,5240.584499036157
6330,2143.876,1208.1284499609956
3054,142.4812,371.63498949802346
7439,2816.334,2575.9458700056693
3890,1561.9668,4211.633433839483
2636,2673.8528,2816.3125841110827
899,1725.7536,3497.754412831518
6010,1278.336,1793.0049616714377
4426,1105.8938,1698.5839294661623
1399,1808.9786,1626.5829229950198
252,759.012,1101.4169045350257
7596,3735.8038,3453.7302613817055
1839,363.5268,1021.4701038078678
718,2358.2636,2722.0422851539
8235,551.2824,1038.0936748152067
5023,2546.685,1738.5664227636746
2962,774.9912,2188.509134774931
3860,639.168,1114.4329712882434
2131,115.8492,39.035353212256226
6323,2410.196,3359.8942514417836
6972,1944.136,3199.757094163952
8519,549.285,1882.4799237177037
2535,8760.5964,4189.159521029716
5432,2852.2872,1840.2562979014144
7753,457.4046,464.5736859023312
8104,1470.0864,2096.245272276053
3658,5093.37,3090.683590349412
7037,539.298,1545.27846354012
3942,4725.8484,3005.479284519268
756,1061.951,1603.4470704367523
1182,366.19,675.7472101163717
3233,1388.8588,1674.0706628640203
5216,2783.044,3408.8584325474735
3998,529.311,1789.2064386672207
3757,8958.339,4542.92050869298
7465,2302.3364,2665.954969816261
4480,3797.7232,2647.8498425744597
8149,202.4032,1771.0916512482538
1843,1468.089,2682.28026478012
230,4769.1254,4044.625510266785
2043,1637.868,1741.2606606935324
2994,3079.9908,2830.0601715053076
6049,923.4646,516.2436116257231
5436,767.0016,877.3888766435055
5690,4869.6612,3474.841477423035
7640,697.7584,1510.3340201601106
5796,5339.0502,2892.439940090371
8230,703.0848,880.8213686644592
6685,515.3292,903.5350555764688
731,1039.9796,815.0640630113028
7093,1037.3164,974.9408798423109
1369,1985.4156,2312.0044887722074
4587,3159.8868,2538.63540338207
2943,575.2512,1072.3501204266472
695,2488.7604,3279.5096939704504
7249,1829.6184,2170.2706966027135
1670,255.0014,2071.6304135392293
5124,847.5634,2168.0604276000117
4792,2444.8176,2354.4329273498306
8094,116.515,99.04778992555839
1120,1482.0708,1449.205748078364
3822,1754.383,2398.630388376319
3281,3440.8544,2906.442683040363
6883,150.4708,-683.800471179507
3027,5920.2936,2623.54127644496
7681,575.2512,794.9627707314078
5751,490.6946,705.3298894819482
7175,2293.681,2534.678059123791
1202,2233.0932,3038.7396546780983
6856,2526.711,3755.5158566470795
3170,663.1368,1589.033864901683
4747,3263.7516,2986.085088074153
3542,5512.824,3792.1668062046524
6886,8217.3036,5395.171052169693
113,4097.3332,3389.2772927435135
5473,3846.9924,3373.207145567681
4771,3057.3536,3097.3209158964137
2759,1540.6612,1942.813618036626
7685,942.7728,3792.629416725448
2936,1261.691,4078.02507684473
8451,3254.4304,4048.274934436733
6516,1937.478,2764.5736479181587
2909,905.488,932.9430849179473
3939,1151.1682,2730.5370024878875
1696,254.3356,2054.9091018741965
2063,1779.0176,1778.5481964346686
6603,958.752,1706.4768299523594
2228,969.4048,3893.1148650071204
3253,1231.73,1938.7406244678127
3378,1757.712,1998.8189954647682
4064,1989.4104,3610.3350625725575
6214,1410.8302,3214.450827038058
1043,7152.0236,4132.51184158453
1531,2043.3402,2403.853705861728
6065,3954.852,3135.124863933069
12,1589.2646,2409.808257304874
1564,6179.9556,2961.5706017804496
6403,2106.5912,2418.382631045406
1568,2173.1712,2092.5978373689513
4508,508.6712,2113.8451919359904
1982,1603.2464,1975.9395272541292
5765,4180.5582,2878.8092170023633
3519,2087.283,1852.3096045957902
2055,37.2848,-1167.5495790053149
1867,209.727,1374.6495821678016
6782,3020.0688,4069.077850018121
6736,1442.7886,1832.712911666929
1567,3095.97,3415.5114733143137
5489,607.2096,1699.9340705014513
8217,2726.451,2647.6216490196402
2521,4234.488,2972.6263297133996
5342,2540.6928,3026.6426901443056
5101,219.0482,1488.5218643460662
6263,2808.3444,2465.2418295667785
4598,7150.692,5234.017622254127
1678,1277.0044,2654.8016510208477
7524,3295.71,2246.638785434696
3367,355.5372,1049.9567945472338
4986,2306.997,1918.6330593322743
7589,1960.1152,2088.572593643692
1086,4420.912,3541.725623994202
6914,1340.2554,2035.0768701247537
1983,2709.806,1849.426517879805
806,2037.348,2427.639122837059
4717,37.9506,-1198.466118410625
7754,1118.544,777.8485216897471
678,2870.9296,1893.0410274942203
1318,2864.2716,2655.739149335425
6661,3111.9492,2666.079588947556
2193,1062.6168,2807.2413885722326
2310,2067.309,3752.9603663727576
2229,4933.578,3462.026431064844
6546,3139.9128,2850.180623237499
7652,1062.6168,963.3328145042511
7811,4170.5712,2492.3571680464784
